{
  "content_based": {
    "precision@10": 0.015151515151515152,
    "recall@10": 0.014162520749043481,
    "ndcg@10": 0.01680585095615643,
    "coverage": 0.017486133308263607,
    "n_users": 198
  },
  "item_item_cf": {
    "precision@10": 0.016161616161616165,
    "recall@10": 0.009771780745738952,
    "ndcg@10": 0.014425336914963378,
    "coverage": 0.047663814985428224,
    "n_users": 198
  },
  "svd": {
    "precision@10": 0.0904040404040404,
    "recall@10": 0.10562795069889701,
    "ndcg@10": 0.13044914989120238,
    "coverage": 0.08207201278555984,
    "n_users": 198
  },
  "hybrid": {
    "precision@10": 0.048484848484848485,
    "recall@10": 0.05197139459729635,
    "ndcg@10": 0.05527580536994701,
    "coverage": 0.0897809532762997,
    "n_users": 198
  }
}